{"data/knowledge_base\\future_plateform.txt": 1736601876.2945724, "data/knowledge_base\\\u0627\u0644\u0627\u0633\u0626\u0644\u0629 \u0648\u0627\u0644\u0623\u062c\u0648\u0628\u0629.txt": 1736613963.285839, "data/knowledge_base\\\u0628\u064a\u0627\u0646\u0627\u062a \u0627\u0644\u0645\u0624\u062a\u0645\u0631.txt": 1731236492.8453567, "data/knowledge_base\\.ipynb_checkpoints\\future_plateform-checkpoint.txt": 1731307290.8606641, "data/knowledge_base\\original_fiels\\Mohamed Hassan.pdf": 1731148900.2177262, "data/knowledge_base\\original_fiels\\\u0627\u0644\u0627\u0633\u0626\u0644\u0629 \u0648 \u0627\u0644\u062c\u0648\u0628\u0629.pdf": 1736614341.6518424}