{"data/knowledge_base/\u0627\u0644\u0627\u0633\u0626\u0644\u0629 \u0648\u0627\u0644\u0623\u062c\u0648\u0628\u0629.txt": 1742806126.7741606, "data/knowledge_base/\u0645\u0631\u0643\u0632_\u0648\u0642\u0627\u0621.txt": 1742123211.220962, "data/knowledge_base/future_plateform.txt": 1742123211.2190676, "data/knowledge_base/\u0628\u064a\u0627\u0646\u0627\u062a \u0627\u0644\u0645\u0624\u062a\u0645\u0631.txt": 1742123211.2206266, "data/knowledge_base/original_fiels/Mohamed Hassan.pdf": 1742123211.2195997, "data/knowledge_base/original_fiels/\u0627\u0644\u0627\u0633\u0626\u0644\u0629 \u0648 \u0627\u0644\u062c\u0648\u0628\u0629.pdf": 1742123211.2203944, "data/knowledge_base/.ipynb_checkpoints/future_plateform-checkpoint.txt": 1742123211.2190073}